,Unnamed: 0,category,index,value,date,level_3
0,724.0,020103Bitter 4 Cans 440-500Ml,Index2,100.0,01/06/14,alcoholic_drinks 
1,725.0,020103Bitter 4 Cans 440-500Ml,Index2,100.287070477,01/07/14,alcoholic_drinks 
2,726.0,020103Bitter 4 Cans 440-500Ml,Index2,99.9213567715,01/08/14,alcoholic_drinks 
3,727.0,020103Bitter 4 Cans 440-500Ml,Index2,100.357722923,01/09/14,alcoholic_drinks 
4,728.0,020103Bitter 4 Cans 440-500Ml,Index2,99.8732306933,01/10/14,alcoholic_drinks 
5,729.0,020103Bitter 4 Cans 440-500Ml,Index2,98.78004475,01/11/14,alcoholic_drinks 
6,730.0,020103Bitter 4 Cans 440-500Ml,Index2,98.4535255118,01/12/14,alcoholic_drinks 
7,731.0,020103Bitter 4 Cans 440-500Ml,Index2,97.7924145692,01/01/15,alcoholic_drinks 
8,732.0,020103Bitter 4 Cans 440-500Ml,Index2,99.8302068583,01/02/15,alcoholic_drinks 
9,733.0,020103Bitter 4 Cans 440-500Ml,Index2,95.2695664237,01/03/15,alcoholic_drinks 
10,734.0,020103Bitter 4 Cans 440-500Ml,Index2,93.7348121439,01/04/15,alcoholic_drinks 
11,735.0,020103Bitter 4 Cans 440-500Ml,Index2,98.3804478713,01/05/15,alcoholic_drinks 
12,736.0,020103Bitter 4 Cans 440-500Ml,Index2,98.5666229716,01/06/15,alcoholic_drinks 
13,737.0,020103Bitter 4 Cans 440-500Ml,Index2,97.7977707885,01/07/15,alcoholic_drinks 
14,738.0,020103Bitter 4 Cans 440-500Ml,Index2,96.1880175175,01/08/15,alcoholic_drinks 
15,739.0,020103Bitter 4 Cans 440-500Ml,Index2,93.6608634262,01/09/15,alcoholic_drinks 
16,740.0,020103Bitter 4 Cans 440-500Ml,Index2,92.190522134,01/10/15,alcoholic_drinks 
17,741.0,020103Bitter 4 Cans 440-500Ml,Index2,91.9884245254,01/11/15,alcoholic_drinks 
18,742.0,020103Bitter 4 Cans 440-500Ml,Index2,91.8949998781,01/12/15,alcoholic_drinks 
19,743.0,020103Bitter 4 Cans 440-500Ml,Index2,90.3363182253,01/01/16,alcoholic_drinks 
20,744.0,020103Bitter 4 Cans 440-500Ml,Index2,89.9012184016,01/02/16,alcoholic_drinks 
21,745.0,020103Bitter 4 Cans 440-500Ml,Index2,88.6683588591,01/03/16,alcoholic_drinks 
22,746.0,020103Bitter 4 Cans 440-500Ml,Index2,88.4777552243,01/04/16,alcoholic_drinks 
23,747.0,020103Bitter 4 Cans 440-500Ml,Index2,88.8912257663,01/05/16,alcoholic_drinks 
24,748.0,020103Bitter 4 Cans 440-500Ml,Index2,89.4869185076,01/06/16,alcoholic_drinks 
25,749.0,020103Bitter 4 Cans 440-500Ml,Index2,89.6062963736,01/07/16,alcoholic_drinks 
26,750.0,020103Bitter 4 Cans 440-500Ml,Index2,88.6673095017,01/08/16,alcoholic_drinks 
27,751.0,020103Bitter 4 Cans 440-500Ml,Index2,88.2982953911,01/10/16,alcoholic_drinks 
28,752.0,020103Bitter 4 Cans 440-500Ml,Index2,88.2930652214,01/11/16,alcoholic_drinks 
29,753.0,020103Lager 4 Bottles Premium,Index2,100.0,01/06/14,alcoholic_drinks 
30,754.0,020103Lager 4 Bottles Premium,Index2,99.8362622311,01/07/14,alcoholic_drinks 
31,755.0,020103Lager 4 Bottles Premium,Index2,99.8407508527,01/08/14,alcoholic_drinks 
32,756.0,020103Lager 4 Bottles Premium,Index2,99.8980591622,01/09/14,alcoholic_drinks 
33,757.0,020103Lager 4 Bottles Premium,Index2,99.0922464367,01/10/14,alcoholic_drinks 
34,758.0,020103Lager 4 Bottles Premium,Index2,98.1869132612,01/11/14,alcoholic_drinks 
35,759.0,020103Lager 4 Bottles Premium,Index2,97.6620035632,01/12/14,alcoholic_drinks 
36,760.0,020103Lager 4 Bottles Premium,Index2,97.3042076248,01/01/15,alcoholic_drinks 
37,761.0,020103Lager 4 Bottles Premium,Index2,97.7511286655,01/02/15,alcoholic_drinks 
38,762.0,020103Lager 4 Bottles Premium,Index2,97.0482625508,01/03/15,alcoholic_drinks 
39,763.0,020103Lager 4 Bottles Premium,Index2,96.8213905362,01/04/15,alcoholic_drinks 
40,764.0,020103Lager 4 Bottles Premium,Index2,97.536306122,01/05/15,alcoholic_drinks 
41,765.0,020103Lager 4 Bottles Premium,Index2,96.9375762379,01/06/15,alcoholic_drinks 
42,766.0,020103Lager 4 Bottles Premium,Index2,96.713298048,01/07/15,alcoholic_drinks 
43,767.0,020103Lager 4 Bottles Premium,Index2,96.6753081336,01/08/15,alcoholic_drinks 
44,768.0,020103Lager 4 Bottles Premium,Index2,95.9004011728,01/09/15,alcoholic_drinks 
45,769.0,020103Lager 4 Bottles Premium,Index2,95.5548391233,01/10/15,alcoholic_drinks 
46,770.0,020103Lager 4 Bottles Premium,Index2,94.36794334,01/11/15,alcoholic_drinks 
47,771.0,020103Lager 4 Bottles Premium,Index2,93.8492875114,01/12/15,alcoholic_drinks 
48,772.0,020103Lager 4 Bottles Premium,Index2,94.8716348266,01/01/16,alcoholic_drinks 
49,773.0,020103Lager 4 Bottles Premium,Index2,94.9935271052,01/02/16,alcoholic_drinks 
50,774.0,020103Lager 4 Bottles Premium,Index2,92.8557913863,01/03/16,alcoholic_drinks 
51,775.0,020103Lager 4 Bottles Premium,Index2,94.2533017298,01/04/16,alcoholic_drinks 
52,776.0,020103Lager 4 Bottles Premium,Index2,94.3753783011,01/05/16,alcoholic_drinks 
53,777.0,020103Lager 4 Bottles Premium,Index2,90.4213651559,01/06/16,alcoholic_drinks 
54,778.0,020103Lager 4 Bottles Premium,Index2,91.5798487455,01/07/16,alcoholic_drinks 
55,779.0,020103Lager 4 Bottles Premium,Index2,91.5486717172,01/08/16,alcoholic_drinks 
56,780.0,020103Lager 4 Bottles Premium,Index2,89.6808385298,01/10/16,alcoholic_drinks 
57,781.0,020103Lager 4 Bottles Premium,Index2,89.6577720513,01/11/16,alcoholic_drinks 
58,782.0,020102Apple Cider 500-750Ml 4.5-5.5%,Index2,100.0,01/06/14,alcoholic_drinks 
59,783.0,020102Apple Cider 500-750Ml 4.5-5.5%,Index2,100.789947766,01/07/14,alcoholic_drinks 
60,784.0,020102Apple Cider 500-750Ml 4.5-5.5%,Index2,99.667720085,01/08/14,alcoholic_drinks 
61,785.0,020102Apple Cider 500-750Ml 4.5-5.5%,Index2,99.5659873849,01/09/14,alcoholic_drinks 
62,786.0,020102Apple Cider 500-750Ml 4.5-5.5%,Index2,99.1526134625,01/10/14,alcoholic_drinks 
63,787.0,020102Apple Cider 500-750Ml 4.5-5.5%,Index2,98.1199285196,01/11/14,alcoholic_drinks 
64,788.0,020102Apple Cider 500-750Ml 4.5-5.5%,Index2,96.0056782373,01/12/14,alcoholic_drinks 
65,789.0,020102Apple Cider 500-750Ml 4.5-5.5%,Index2,94.559333287,01/01/15,alcoholic_drinks 
66,790.0,020102Apple Cider 500-750Ml 4.5-5.5%,Index2,96.5821895571,01/02/15,alcoholic_drinks 
67,791.0,020102Apple Cider 500-750Ml 4.5-5.5%,Index2,95.0762489129,01/03/15,alcoholic_drinks 
68,792.0,020102Apple Cider 500-750Ml 4.5-5.5%,Index2,93.4745068821,01/04/15,alcoholic_drinks 
69,793.0,020102Apple Cider 500-750Ml 4.5-5.5%,Index2,97.0989357081,01/05/15,alcoholic_drinks 
70,794.0,020102Apple Cider 500-750Ml 4.5-5.5%,Index2,96.1585595644,01/06/15,alcoholic_drinks 
71,795.0,020102Apple Cider 500-750Ml 4.5-5.5%,Index2,95.8826126965,01/07/15,alcoholic_drinks 
72,796.0,020102Apple Cider 500-750Ml 4.5-5.5%,Index2,96.0423074957,01/08/15,alcoholic_drinks 
73,797.0,020102Apple Cider 500-750Ml 4.5-5.5%,Index2,95.3999095869,01/09/15,alcoholic_drinks 
74,798.0,020102Apple Cider 500-750Ml 4.5-5.5%,Index2,94.9414585553,01/10/15,alcoholic_drinks 
75,799.0,020102Apple Cider 500-750Ml 4.5-5.5%,Index2,95.1704750389,01/11/15,alcoholic_drinks 
76,800.0,020102Apple Cider 500-750Ml 4.5-5.5%,Index2,94.1569368072,01/12/15,alcoholic_drinks 
77,801.0,020102Apple Cider 500-750Ml 4.5-5.5%,Index2,94.8450301358,01/01/16,alcoholic_drinks 
78,802.0,020102Apple Cider 500-750Ml 4.5-5.5%,Index2,95.6255353989,01/02/16,alcoholic_drinks 
79,803.0,020102Apple Cider 500-750Ml 4.5-5.5%,Index2,93.9024778593,01/03/16,alcoholic_drinks 
80,804.0,020102Apple Cider 500-750Ml 4.5-5.5%,Index2,93.7609831611,01/04/16,alcoholic_drinks 
81,805.0,020102Apple Cider 500-750Ml 4.5-5.5%,Index2,93.3758666202,01/05/16,alcoholic_drinks 
82,806.0,020102Apple Cider 500-750Ml 4.5-5.5%,Index2,92.6167129159,01/06/16,alcoholic_drinks 
83,807.0,020102Apple Cider 500-750Ml 4.5-5.5%,Index2,92.1897634099,01/07/16,alcoholic_drinks 
84,808.0,020102Apple Cider 500-750Ml 4.5-5.5%,Index2,89.5315999123,01/08/16,alcoholic_drinks 
85,809.0,020102Apple Cider 500-750Ml 4.5-5.5%,Index2,89.4542687802,01/10/16,alcoholic_drinks 
86,810.0,020102Apple Cider 500-750Ml 4.5-5.5%,Index2,89.407020689,01/11/16,alcoholic_drinks 
87,811.0,2020101Whisky 70 Cl Bottle,Index2,100.0,01/06/14,alcoholic_drinks 
88,812.0,2020101Whisky 70 Cl Bottle,Index2,103.631149556,01/07/14,alcoholic_drinks 
89,813.0,2020101Whisky 70 Cl Bottle,Index2,104.080669822,01/08/14,alcoholic_drinks 
90,814.0,2020101Whisky 70 Cl Bottle,Index2,101.334842872,01/09/14,alcoholic_drinks 
91,815.0,2020101Whisky 70 Cl Bottle,Index2,101.979851135,01/10/14,alcoholic_drinks 
92,816.0,2020101Whisky 70 Cl Bottle,Index2,99.4419171574,01/11/14,alcoholic_drinks 
93,817.0,2020101Whisky 70 Cl Bottle,Index2,95.4837309029,01/12/14,alcoholic_drinks 
94,818.0,2020101Whisky 70 Cl Bottle,Index2,102.03796357,01/01/15,alcoholic_drinks 
95,819.0,2020101Whisky 70 Cl Bottle,Index2,102.533142399,01/02/15,alcoholic_drinks 
96,820.0,2020101Whisky 70 Cl Bottle,Index2,102.177740092,01/03/15,alcoholic_drinks 
97,821.0,2020101Whisky 70 Cl Bottle,Index2,101.777758504,01/04/15,alcoholic_drinks 
98,822.0,2020101Whisky 70 Cl Bottle,Index2,100.946679967,01/05/15,alcoholic_drinks 
99,823.0,2020101Whisky 70 Cl Bottle,Index2,98.7173681646,01/06/15,alcoholic_drinks 
100,824.0,2020101Whisky 70 Cl Bottle,Index2,104.420919748,01/07/15,alcoholic_drinks 
101,825.0,2020101Whisky 70 Cl Bottle,Index2,104.887960423,01/08/15,alcoholic_drinks 
102,826.0,2020101Whisky 70 Cl Bottle,Index2,102.248519215,01/09/15,alcoholic_drinks 
103,827.0,2020101Whisky 70 Cl Bottle,Index2,101.741571547,01/10/15,alcoholic_drinks 
104,828.0,2020101Whisky 70 Cl Bottle,Index2,97.4460991694,01/11/15,alcoholic_drinks 
105,829.0,2020101Whisky 70 Cl Bottle,Index2,94.0745352975,01/12/15,alcoholic_drinks 
106,830.0,2020101Whisky 70 Cl Bottle,Index2,105.026055821,01/01/16,alcoholic_drinks 
107,831.0,2020101Whisky 70 Cl Bottle,Index2,105.663679531,01/02/16,alcoholic_drinks 
108,832.0,2020101Whisky 70 Cl Bottle,Index2,103.456969982,01/03/16,alcoholic_drinks 
109,833.0,2020101Whisky 70 Cl Bottle,Index2,103.554169993,01/04/16,alcoholic_drinks 
110,834.0,2020101Whisky 70 Cl Bottle,Index2,100.968064994,01/05/16,alcoholic_drinks 
111,835.0,2020101Whisky 70 Cl Bottle,Index2,98.1876279862,01/06/16,alcoholic_drinks 
112,836.0,2020101Whisky 70 Cl Bottle,Index2,103.979105978,01/07/16,alcoholic_drinks 
113,837.0,2020101Whisky 70 Cl Bottle,Index2,102.875214997,01/08/16,alcoholic_drinks 
114,838.0,2020101Whisky 70 Cl Bottle,Index2,102.971001871,01/10/16,alcoholic_drinks 
115,839.0,2020101Whisky 70 Cl Bottle,Index2,103.005481329,01/11/16,alcoholic_drinks 
116,840.0,020101Vodka 70 Cl Bottle,Index2,100.0,01/06/14,alcoholic_drinks 
117,841.0,020101Vodka 70 Cl Bottle,Index2,100.036128533,01/07/14,alcoholic_drinks 
118,842.0,020101Vodka 70 Cl Bottle,Index2,99.1839774656,01/08/14,alcoholic_drinks 
119,843.0,020101Vodka 70 Cl Bottle,Index2,98.4646115655,01/09/14,alcoholic_drinks 
120,844.0,020101Vodka 70 Cl Bottle,Index2,99.7028343536,01/10/14,alcoholic_drinks 
121,845.0,020101Vodka 70 Cl Bottle,Index2,96.1925836447,01/11/14,alcoholic_drinks 
122,846.0,020101Vodka 70 Cl Bottle,Index2,94.5400580119,01/12/14,alcoholic_drinks 
123,847.0,020101Vodka 70 Cl Bottle,Index2,99.7366154911,01/01/15,alcoholic_drinks 
124,848.0,020101Vodka 70 Cl Bottle,Index2,99.6014825986,01/02/15,alcoholic_drinks 
125,849.0,020101Vodka 70 Cl Bottle,Index2,99.4928388251,01/03/15,alcoholic_drinks 
126,850.0,020101Vodka 70 Cl Bottle,Index2,96.9471485763,01/04/15,alcoholic_drinks 
127,851.0,020101Vodka 70 Cl Bottle,Index2,98.5170165283,01/05/15,alcoholic_drinks 
128,852.0,020101Vodka 70 Cl Bottle,Index2,99.3769549871,01/06/15,alcoholic_drinks 
129,853.0,020101Vodka 70 Cl Bottle,Index2,99.2067979449,01/07/15,alcoholic_drinks 
130,854.0,020101Vodka 70 Cl Bottle,Index2,98.0552285743,01/08/15,alcoholic_drinks 
131,855.0,020101Vodka 70 Cl Bottle,Index2,97.9427402806,01/09/15,alcoholic_drinks 
132,856.0,020101Vodka 70 Cl Bottle,Index2,96.6419903747,01/10/15,alcoholic_drinks 
133,857.0,020101Vodka 70 Cl Bottle,Index2,93.3523802535,01/11/15,alcoholic_drinks 
134,858.0,020101Vodka 70 Cl Bottle,Index2,87.6020646613,01/12/15,alcoholic_drinks 
135,859.0,020101Vodka 70 Cl Bottle,Index2,95.4143713224,01/01/16,alcoholic_drinks 
136,860.0,020101Vodka 70 Cl Bottle,Index2,94.7630497232,01/02/16,alcoholic_drinks 
137,861.0,020101Vodka 70 Cl Bottle,Index2,93.9602212131,01/03/16,alcoholic_drinks 
138,862.0,020101Vodka 70 Cl Bottle,Index2,91.995826596,01/04/16,alcoholic_drinks 
139,863.0,020101Vodka 70 Cl Bottle,Index2,93.3576291894,01/05/16,alcoholic_drinks 
140,864.0,020101Vodka 70 Cl Bottle,Index2,92.4880252178,01/06/16,alcoholic_drinks 
141,865.0,020101Vodka 70 Cl Bottle,Index2,93.7359223078,01/07/16,alcoholic_drinks 
142,866.0,020101Vodka 70 Cl Bottle,Index2,92.299248322,01/08/16,alcoholic_drinks 
143,867.0,020101Vodka 70 Cl Bottle,Index2,91.5626631205,01/10/16,alcoholic_drinks 
144,868.0,020101Vodka 70 Cl Bottle,Index2,91.1085093601,01/11/16,alcoholic_drinks 
145,869.0,020101Brandy 68-70 Cl Bottle,Index2,100.0,01/06/14,alcoholic_drinks 
146,870.0,020101Brandy 68-70 Cl Bottle,Index2,101.704416299,01/07/14,alcoholic_drinks 
147,871.0,020101Brandy 68-70 Cl Bottle,Index2,101.846467933,01/08/14,alcoholic_drinks 
148,872.0,020101Brandy 68-70 Cl Bottle,Index2,101.271184678,01/09/14,alcoholic_drinks 
149,873.0,020101Brandy 68-70 Cl Bottle,Index2,101.767505041,01/10/14,alcoholic_drinks 
150,874.0,020101Brandy 68-70 Cl Bottle,Index2,99.9872453594,01/11/14,alcoholic_drinks 
151,875.0,020101Brandy 68-70 Cl Bottle,Index2,97.5789882257,01/12/14,alcoholic_drinks 
152,876.0,020101Brandy 68-70 Cl Bottle,Index2,100.958139396,01/01/15,alcoholic_drinks 
153,877.0,020101Brandy 68-70 Cl Bottle,Index2,101.894016327,01/02/15,alcoholic_drinks 
154,878.0,020101Brandy 68-70 Cl Bottle,Index2,102.254596119,01/03/15,alcoholic_drinks 
155,879.0,020101Brandy 68-70 Cl Bottle,Index2,101.688606255,01/04/15,alcoholic_drinks 
156,880.0,020101Brandy 68-70 Cl Bottle,Index2,102.727999297,01/05/15,alcoholic_drinks 
157,881.0,020101Brandy 68-70 Cl Bottle,Index2,101.841085175,01/06/15,alcoholic_drinks 
158,882.0,020101Brandy 68-70 Cl Bottle,Index2,102.687747405,01/07/15,alcoholic_drinks 
159,883.0,020101Brandy 68-70 Cl Bottle,Index2,101.954281339,01/08/15,alcoholic_drinks 
160,884.0,020101Brandy 68-70 Cl Bottle,Index2,102.332543103,01/09/15,alcoholic_drinks 
161,885.0,020101Brandy 68-70 Cl Bottle,Index2,102.073529172,01/10/15,alcoholic_drinks 
162,886.0,020101Brandy 68-70 Cl Bottle,Index2,99.5144408059,01/11/15,alcoholic_drinks 
163,887.0,020101Brandy 68-70 Cl Bottle,Index2,97.0951849723,01/12/15,alcoholic_drinks 
164,888.0,020101Brandy 68-70 Cl Bottle,Index2,101.016195036,01/01/16,alcoholic_drinks 
165,889.0,020101Brandy 68-70 Cl Bottle,Index2,100.773943194,01/02/16,alcoholic_drinks 
166,890.0,020101Brandy 68-70 Cl Bottle,Index2,100.209866167,01/03/16,alcoholic_drinks 
167,891.0,020101Brandy 68-70 Cl Bottle,Index2,101.383669095,01/04/16,alcoholic_drinks 
168,892.0,020101Brandy 68-70 Cl Bottle,Index2,100.855677141,01/05/16,alcoholic_drinks 
169,893.0,020101Brandy 68-70 Cl Bottle,Index2,98.1848486503,01/06/16,alcoholic_drinks 
170,894.0,020101Brandy 68-70 Cl Bottle,Index2,99.8825749082,01/07/16,alcoholic_drinks 
171,895.0,020101Brandy 68-70 Cl Bottle,Index2,99.0050774021,01/08/16,alcoholic_drinks 
172,896.0,020101Brandy 68-70 Cl Bottle,Index2,99.2729686974,01/10/16,alcoholic_drinks 
173,897.0,020101Brandy 68-70 Cl Bottle,Index2,98.5381583544,01/11/16,alcoholic_drinks 
174,898.0,020102White Wine European 75Cl,Index2,100.0,01/06/14,alcoholic_drinks 
175,899.0,020102White Wine European 75Cl,Index2,99.9427421447,01/07/14,alcoholic_drinks 
176,900.0,020102White Wine European 75Cl,Index2,100.450679608,01/08/14,alcoholic_drinks 
177,901.0,020102White Wine European 75Cl,Index2,98.4545966693,01/09/14,alcoholic_drinks 
178,902.0,020102White Wine European 75Cl,Index2,99.3618673759,01/10/14,alcoholic_drinks 
179,903.0,020102White Wine European 75Cl,Index2,98.3631189281,01/11/14,alcoholic_drinks 
180,904.0,020102White Wine European 75Cl,Index2,96.9219567705,01/12/14,alcoholic_drinks 
181,905.0,020102White Wine European 75Cl,Index2,98.2277745714,01/01/15,alcoholic_drinks 
182,906.0,020102White Wine European 75Cl,Index2,96.9933957539,01/02/15,alcoholic_drinks 
183,907.0,020102White Wine European 75Cl,Index2,97.6984053116,01/03/15,alcoholic_drinks 
184,908.0,020102White Wine European 75Cl,Index2,96.0639091425,01/04/15,alcoholic_drinks 
185,909.0,020102White Wine European 75Cl,Index2,95.446382552,01/05/15,alcoholic_drinks 
186,910.0,020102White Wine European 75Cl,Index2,94.1248947402,01/06/15,alcoholic_drinks 
187,911.0,020102White Wine European 75Cl,Index2,94.0733344477,01/07/15,alcoholic_drinks 
188,912.0,020102White Wine European 75Cl,Index2,93.5396345619,01/08/15,alcoholic_drinks 
189,913.0,020102White Wine European 75Cl,Index2,89.3876757356,01/09/15,alcoholic_drinks 
190,914.0,020102White Wine European 75Cl,Index2,87.664031033,01/10/15,alcoholic_drinks 
191,915.0,020102White Wine European 75Cl,Index2,86.7268898837,01/11/15,alcoholic_drinks 
192,916.0,020102White Wine European 75Cl,Index2,85.3376377763,01/12/15,alcoholic_drinks 
193,917.0,020102White Wine European 75Cl,Index2,86.2315603345,01/01/16,alcoholic_drinks 
194,918.0,020102White Wine European 75Cl,Index2,85.0163112194,01/02/16,alcoholic_drinks 
195,919.0,020102White Wine European 75Cl,Index2,85.3296028613,01/03/16,alcoholic_drinks 
196,920.0,020102White Wine European 75Cl,Index2,84.8438218403,01/04/16,alcoholic_drinks 
197,921.0,020102White Wine European 75Cl,Index2,84.9908906696,01/05/16,alcoholic_drinks 
198,922.0,020102White Wine European 75Cl,Index2,85.1471163563,01/06/16,alcoholic_drinks 
199,923.0,020102White Wine European 75Cl,Index2,85.3779353617,01/07/16,alcoholic_drinks 
200,924.0,020102White Wine European 75Cl,Index2,85.6790690187,01/08/16,alcoholic_drinks 
201,925.0,020102White Wine European 75Cl,Index2,85.6591243702,01/10/16,alcoholic_drinks 
202,926.0,020102White Wine European 75Cl,Index2,85.6121079169,01/11/16,alcoholic_drinks 
203,927.0,020102Red Wine European 75Cl,Index2,100.0,01/06/14,alcoholic_drinks 
204,928.0,020102Red Wine European 75Cl,Index2,99.9016751218,01/07/14,alcoholic_drinks 
205,929.0,020102Red Wine European 75Cl,Index2,99.6979011022,01/08/14,alcoholic_drinks 
206,930.0,020102Red Wine European 75Cl,Index2,97.900132819,01/09/14,alcoholic_drinks 
207,931.0,020102Red Wine European 75Cl,Index2,98.8554367043,01/10/14,alcoholic_drinks 
208,932.0,020102Red Wine European 75Cl,Index2,97.7195381575,01/11/14,alcoholic_drinks 
209,933.0,020102Red Wine European 75Cl,Index2,95.2953152591,01/12/14,alcoholic_drinks 
210,934.0,020102Red Wine European 75Cl,Index2,97.3866547771,01/01/15,alcoholic_drinks 
211,935.0,020102Red Wine European 75Cl,Index2,96.4073074629,01/02/15,alcoholic_drinks 
212,936.0,020102Red Wine European 75Cl,Index2,96.5927007596,01/03/15,alcoholic_drinks 
213,937.0,020102Red Wine European 75Cl,Index2,94.9517396171,01/04/15,alcoholic_drinks 
214,938.0,020102Red Wine European 75Cl,Index2,95.2929071805,01/05/15,alcoholic_drinks 
215,939.0,020102Red Wine European 75Cl,Index2,94.4544579689,01/06/15,alcoholic_drinks 
216,940.0,020102Red Wine European 75Cl,Index2,93.311081482,01/07/15,alcoholic_drinks 
217,941.0,020102Red Wine European 75Cl,Index2,92.9506669523,01/08/15,alcoholic_drinks 
218,942.0,020102Red Wine European 75Cl,Index2,89.6452109333,01/09/15,alcoholic_drinks 
219,943.0,020102Red Wine European 75Cl,Index2,86.8876552599,01/10/15,alcoholic_drinks 
220,944.0,020102Red Wine European 75Cl,Index2,85.5290391867,01/11/15,alcoholic_drinks 
221,945.0,020102Red Wine European 75Cl,Index2,83.2906012808,01/12/15,alcoholic_drinks 
222,946.0,020102Red Wine European 75Cl,Index2,85.4027284892,01/01/16,alcoholic_drinks 
223,947.0,020102Red Wine European 75Cl,Index2,83.9509091286,01/02/16,alcoholic_drinks 
224,948.0,020102Red Wine European 75Cl,Index2,83.1623023671,01/03/16,alcoholic_drinks 
225,949.0,020102Red Wine European 75Cl,Index2,82.688439546,01/04/16,alcoholic_drinks 
226,950.0,020102Red Wine European 75Cl,Index2,82.9186875687,01/05/16,alcoholic_drinks 
227,951.0,020102Red Wine European 75Cl,Index2,83.9165805158,01/06/16,alcoholic_drinks 
228,952.0,020102Red Wine European 75Cl,Index2,83.4318870455,01/07/16,alcoholic_drinks 
229,953.0,020102Red Wine European 75Cl,Index2,84.2225827601,01/08/16,alcoholic_drinks 
230,954.0,020102Red Wine European 75Cl,Index2,84.2338655297,01/10/16,alcoholic_drinks 
231,955.0,020102Red Wine European 75Cl,Index2,84.1587612577,01/11/16,alcoholic_drinks 
232,956.0,020101Rum White Bottle,Index2,100.0,01/06/14,alcoholic_drinks 
233,957.0,020101Rum White Bottle,Index2,100.083704383,01/07/14,alcoholic_drinks 
234,958.0,020101Rum White Bottle,Index2,100.813011132,01/08/14,alcoholic_drinks 
235,959.0,020101Rum White Bottle,Index2,100.768844787,01/09/14,alcoholic_drinks 
236,960.0,020101Rum White Bottle,Index2,100.97070286,01/10/14,alcoholic_drinks 
237,961.0,020101Rum White Bottle,Index2,98.2767756436,01/11/14,alcoholic_drinks 
238,962.0,020101Rum White Bottle,Index2,96.7497222121,01/12/14,alcoholic_drinks 
239,963.0,020101Rum White Bottle,Index2,101.269335384,01/01/15,alcoholic_drinks 
240,964.0,020101Rum White Bottle,Index2,101.052214872,01/02/15,alcoholic_drinks 
241,965.0,020101Rum White Bottle,Index2,99.7519168512,01/03/15,alcoholic_drinks 
242,966.0,020101Rum White Bottle,Index2,98.6614783048,01/04/15,alcoholic_drinks 
243,967.0,020101Rum White Bottle,Index2,99.832503928,01/05/15,alcoholic_drinks 
244,968.0,020101Rum White Bottle,Index2,99.6772327415,01/06/15,alcoholic_drinks 
245,969.0,020101Rum White Bottle,Index2,99.1750040089,01/07/15,alcoholic_drinks 
246,970.0,020101Rum White Bottle,Index2,98.0986924729,01/08/15,alcoholic_drinks 
247,971.0,020101Rum White Bottle,Index2,98.2582413538,01/09/15,alcoholic_drinks 
248,972.0,020101Rum White Bottle,Index2,99.6003620961,01/10/15,alcoholic_drinks 
249,973.0,020101Rum White Bottle,Index2,96.3830382018,01/11/15,alcoholic_drinks 
250,974.0,020101Rum White Bottle,Index2,93.0578311665,01/12/15,alcoholic_drinks 
251,975.0,020101Rum White Bottle,Index2,100.495013065,01/01/16,alcoholic_drinks 
252,976.0,020101Rum White Bottle,Index2,98.554869997,01/02/16,alcoholic_drinks 
253,977.0,020101Rum White Bottle,Index2,98.1126734128,01/03/16,alcoholic_drinks 
254,978.0,020101Rum White Bottle,Index2,97.3886957368,01/04/16,alcoholic_drinks 
255,979.0,020101Rum White Bottle,Index2,96.8462680506,01/05/16,alcoholic_drinks 
256,980.0,020101Rum White Bottle,Index2,98.3654557084,01/06/16,alcoholic_drinks 
257,981.0,020101Rum White Bottle,Index2,97.9644002967,01/07/16,alcoholic_drinks 
258,982.0,020101Rum White Bottle,Index2,94.2087559396,01/08/16,alcoholic_drinks 
259,983.0,020101Rum White Bottle,Index2,94.1627842134,01/10/16,alcoholic_drinks 
260,984.0,020101Rum White Bottle,Index2,94.6806418636,01/11/16,alcoholic_drinks 
0,724.0,020103Bitter 4 Cans 440-500Ml,Index1,100.0,01/06/14,alcoholic_drinks 
1,725.0,020103Bitter 4 Cans 440-500Ml,Index1,100.236064368,01/07/14,alcoholic_drinks 
2,726.0,020103Bitter 4 Cans 440-500Ml,Index1,99.9244366046,01/08/14,alcoholic_drinks 
3,727.0,020103Bitter 4 Cans 440-500Ml,Index1,100.193486721,01/09/14,alcoholic_drinks 
4,728.0,020103Bitter 4 Cans 440-500Ml,Index1,99.6344849826,01/10/14,alcoholic_drinks 
5,729.0,020103Bitter 4 Cans 440-500Ml,Index1,97.7764106058,01/11/14,alcoholic_drinks 
6,730.0,020103Bitter 4 Cans 440-500Ml,Index1,97.6258290774,01/12/14,alcoholic_drinks 
7,731.0,020103Bitter 4 Cans 440-500Ml,Index1,96.944579098,01/01/15,alcoholic_drinks 
8,732.0,020103Bitter 4 Cans 440-500Ml,Index1,98.679525161,01/02/15,alcoholic_drinks 
9,733.0,020103Bitter 4 Cans 440-500Ml,Index1,93.6278148131,01/03/15,alcoholic_drinks 
10,734.0,020103Bitter 4 Cans 440-500Ml,Index1,91.4870937685,01/04/15,alcoholic_drinks 
11,735.0,020103Bitter 4 Cans 440-500Ml,Index1,96.4058109749,01/05/15,alcoholic_drinks 
12,736.0,020103Bitter 4 Cans 440-500Ml,Index1,96.3866499897,01/06/15,alcoholic_drinks 
13,737.0,020103Bitter 4 Cans 440-500Ml,Index1,95.8311228327,01/07/15,alcoholic_drinks 
14,738.0,020103Bitter 4 Cans 440-500Ml,Index1,97.2951885598,01/08/15,alcoholic_drinks 
15,739.0,020103Bitter 4 Cans 440-500Ml,Index1,94.7376372312,01/09/15,alcoholic_drinks 
16,740.0,020103Bitter 4 Cans 440-500Ml,Index1,96.5880160414,01/10/15,alcoholic_drinks 
17,741.0,020103Bitter 4 Cans 440-500Ml,Index1,93.6797491045,01/11/15,alcoholic_drinks 
18,742.0,020103Bitter 4 Cans 440-500Ml,Index1,92.9239082119,01/12/15,alcoholic_drinks 
19,743.0,020103Bitter 4 Cans 440-500Ml,Index1,91.1236549283,01/01/16,alcoholic_drinks 
20,744.0,020103Bitter 4 Cans 440-500Ml,Index1,91.1344691881,01/02/16,alcoholic_drinks 
21,745.0,020103Bitter 4 Cans 440-500Ml,Index1,89.4010232412,01/03/16,alcoholic_drinks 
22,746.0,020103Bitter 4 Cans 440-500Ml,Index1,90.7910407501,01/04/16,alcoholic_drinks 
23,747.0,020103Bitter 4 Cans 440-500Ml,Index1,90.2784132353,01/05/16,alcoholic_drinks 
24,748.0,020103Bitter 4 Cans 440-500Ml,Index1,90.7957937732,01/06/16,alcoholic_drinks 
25,749.0,020103Bitter 4 Cans 440-500Ml,Index1,90.8649801166,01/07/16,alcoholic_drinks 
26,750.0,020103Bitter 4 Cans 440-500Ml,Index1,90.6037776673,01/08/16,alcoholic_drinks 
27,751.0,020103Bitter 4 Cans 440-500Ml,Index1,90.3520514367,01/10/16,alcoholic_drinks 
28,752.0,020103Bitter 4 Cans 440-500Ml,Index1,90.7750958329,01/11/16,alcoholic_drinks 
29,753.0,020103Lager 4 Bottles Premium,Index1,100.0,01/06/14,alcoholic_drinks 
30,754.0,020103Lager 4 Bottles Premium,Index1,99.6468429548,01/07/14,alcoholic_drinks 
31,755.0,020103Lager 4 Bottles Premium,Index1,100.152496825,01/08/14,alcoholic_drinks 
32,756.0,020103Lager 4 Bottles Premium,Index1,100.455760586,01/09/14,alcoholic_drinks 
33,757.0,020103Lager 4 Bottles Premium,Index1,98.9693298076,01/10/14,alcoholic_drinks 
34,758.0,020103Lager 4 Bottles Premium,Index1,97.4754678008,01/11/14,alcoholic_drinks 
35,759.0,020103Lager 4 Bottles Premium,Index1,96.4623302333,01/12/14,alcoholic_drinks 
36,760.0,020103Lager 4 Bottles Premium,Index1,95.3266139066,01/01/15,alcoholic_drinks 
37,761.0,020103Lager 4 Bottles Premium,Index1,96.2730692357,01/02/15,alcoholic_drinks 
38,762.0,020103Lager 4 Bottles Premium,Index1,95.1416981405,01/03/15,alcoholic_drinks 
39,763.0,020103Lager 4 Bottles Premium,Index1,94.2918832356,01/04/15,alcoholic_drinks 
40,764.0,020103Lager 4 Bottles Premium,Index1,95.8041219376,01/05/15,alcoholic_drinks 
41,765.0,020103Lager 4 Bottles Premium,Index1,95.4207475289,01/06/15,alcoholic_drinks 
42,766.0,020103Lager 4 Bottles Premium,Index1,95.0252681734,01/07/15,alcoholic_drinks 
43,767.0,020103Lager 4 Bottles Premium,Index1,94.3494140369,01/08/15,alcoholic_drinks 
44,768.0,020103Lager 4 Bottles Premium,Index1,93.6952446288,01/09/15,alcoholic_drinks 
45,769.0,020103Lager 4 Bottles Premium,Index1,93.6155344255,01/10/15,alcoholic_drinks 
46,770.0,020103Lager 4 Bottles Premium,Index1,91.5969991143,01/11/15,alcoholic_drinks 
47,771.0,020103Lager 4 Bottles Premium,Index1,90.6807224618,01/12/15,alcoholic_drinks 
48,772.0,020103Lager 4 Bottles Premium,Index1,92.9411725489,01/01/16,alcoholic_drinks 
49,773.0,020103Lager 4 Bottles Premium,Index1,92.7085954959,01/02/16,alcoholic_drinks 
50,774.0,020103Lager 4 Bottles Premium,Index1,91.9760160067,01/03/16,alcoholic_drinks 
51,775.0,020103Lager 4 Bottles Premium,Index1,93.0857066642,01/04/16,alcoholic_drinks 
52,776.0,020103Lager 4 Bottles Premium,Index1,93.1835532848,01/05/16,alcoholic_drinks 
53,777.0,020103Lager 4 Bottles Premium,Index1,87.893783188,01/06/16,alcoholic_drinks 
54,778.0,020103Lager 4 Bottles Premium,Index1,88.8218833763,01/07/16,alcoholic_drinks 
55,779.0,020103Lager 4 Bottles Premium,Index1,90.4964635289,01/08/16,alcoholic_drinks 
56,780.0,020103Lager 4 Bottles Premium,Index1,92.0318932996,01/10/16,alcoholic_drinks 
57,781.0,020103Lager 4 Bottles Premium,Index1,92.62248852,01/11/16,alcoholic_drinks 
58,782.0,020102Apple Cider 500-750Ml 4.5-5.5%,Index1,100.0,01/06/14,alcoholic_drinks 
59,783.0,020102Apple Cider 500-750Ml 4.5-5.5%,Index1,100.740232554,01/07/14,alcoholic_drinks 
60,784.0,020102Apple Cider 500-750Ml 4.5-5.5%,Index1,100.24275528,01/08/14,alcoholic_drinks 
61,785.0,020102Apple Cider 500-750Ml 4.5-5.5%,Index1,100.144719124,01/09/14,alcoholic_drinks 
62,786.0,020102Apple Cider 500-750Ml 4.5-5.5%,Index1,99.3172101254,01/10/14,alcoholic_drinks 
63,787.0,020102Apple Cider 500-750Ml 4.5-5.5%,Index1,98.7974937765,01/11/14,alcoholic_drinks 
64,788.0,020102Apple Cider 500-750Ml 4.5-5.5%,Index1,98.0127141283,01/12/14,alcoholic_drinks 
65,789.0,020102Apple Cider 500-750Ml 4.5-5.5%,Index1,97.534370472,01/01/15,alcoholic_drinks 
66,790.0,020102Apple Cider 500-750Ml 4.5-5.5%,Index1,99.8919425716,01/02/15,alcoholic_drinks 
67,791.0,020102Apple Cider 500-750Ml 4.5-5.5%,Index1,98.8779161674,01/03/15,alcoholic_drinks 
68,792.0,020102Apple Cider 500-750Ml 4.5-5.5%,Index1,97.2720628226,01/04/15,alcoholic_drinks 
69,793.0,020102Apple Cider 500-750Ml 4.5-5.5%,Index1,100.350978146,01/05/15,alcoholic_drinks 
70,794.0,020102Apple Cider 500-750Ml 4.5-5.5%,Index1,97.9844907402,01/06/15,alcoholic_drinks 
71,795.0,020102Apple Cider 500-750Ml 4.5-5.5%,Index1,100.052274332,01/07/15,alcoholic_drinks 
72,796.0,020102Apple Cider 500-750Ml 4.5-5.5%,Index1,97.8973261088,01/08/15,alcoholic_drinks 
73,797.0,020102Apple Cider 500-750Ml 4.5-5.5%,Index1,98.631079985,01/09/15,alcoholic_drinks 
74,798.0,020102Apple Cider 500-750Ml 4.5-5.5%,Index1,98.2056448262,01/10/15,alcoholic_drinks 
75,799.0,020102Apple Cider 500-750Ml 4.5-5.5%,Index1,98.3608507312,01/11/15,alcoholic_drinks 
76,800.0,020102Apple Cider 500-750Ml 4.5-5.5%,Index1,97.0350546018,01/12/15,alcoholic_drinks 
77,801.0,020102Apple Cider 500-750Ml 4.5-5.5%,Index1,97.9214884714,01/01/16,alcoholic_drinks 
78,802.0,020102Apple Cider 500-750Ml 4.5-5.5%,Index1,98.6677945851,01/02/16,alcoholic_drinks 
79,803.0,020102Apple Cider 500-750Ml 4.5-5.5%,Index1,96.9125000134,01/03/16,alcoholic_drinks 
80,804.0,020102Apple Cider 500-750Ml 4.5-5.5%,Index1,96.2977521428,01/04/16,alcoholic_drinks 
81,805.0,020102Apple Cider 500-750Ml 4.5-5.5%,Index1,96.0415402512,01/05/16,alcoholic_drinks 
82,806.0,020102Apple Cider 500-750Ml 4.5-5.5%,Index1,94.1384357943,01/06/16,alcoholic_drinks 
83,807.0,020102Apple Cider 500-750Ml 4.5-5.5%,Index1,95.0335279255,01/07/16,alcoholic_drinks 
84,808.0,020102Apple Cider 500-750Ml 4.5-5.5%,Index1,94.7315929518,01/08/16,alcoholic_drinks 
85,809.0,020102Apple Cider 500-750Ml 4.5-5.5%,Index1,93.9972901281,01/10/16,alcoholic_drinks 
86,810.0,020102Apple Cider 500-750Ml 4.5-5.5%,Index1,93.8214348225,01/11/16,alcoholic_drinks 
87,811.0,2020101Whisky 70 Cl Bottle,Index1,100.0,01/06/14,alcoholic_drinks 
88,812.0,2020101Whisky 70 Cl Bottle,Index1,103.380381788,01/07/14,alcoholic_drinks 
89,813.0,2020101Whisky 70 Cl Bottle,Index1,103.352507869,01/08/14,alcoholic_drinks 
90,814.0,2020101Whisky 70 Cl Bottle,Index1,100.772465838,01/09/14,alcoholic_drinks 
91,815.0,2020101Whisky 70 Cl Bottle,Index1,101.28270482,01/10/14,alcoholic_drinks 
92,816.0,2020101Whisky 70 Cl Bottle,Index1,99.6461319177,01/11/14,alcoholic_drinks 
93,817.0,2020101Whisky 70 Cl Bottle,Index1,96.4337642062,01/12/14,alcoholic_drinks 
94,818.0,2020101Whisky 70 Cl Bottle,Index1,102.608813666,01/01/15,alcoholic_drinks 
95,819.0,2020101Whisky 70 Cl Bottle,Index1,103.145611698,01/02/15,alcoholic_drinks 
96,820.0,2020101Whisky 70 Cl Bottle,Index1,102.805899473,01/03/15,alcoholic_drinks 
97,821.0,2020101Whisky 70 Cl Bottle,Index1,102.491706192,01/04/15,alcoholic_drinks 
98,822.0,2020101Whisky 70 Cl Bottle,Index1,101.766114572,01/05/15,alcoholic_drinks 
99,823.0,2020101Whisky 70 Cl Bottle,Index1,99.1045838174,01/06/15,alcoholic_drinks 
100,824.0,2020101Whisky 70 Cl Bottle,Index1,102.375011244,01/07/15,alcoholic_drinks 
101,825.0,2020101Whisky 70 Cl Bottle,Index1,102.270179474,01/08/15,alcoholic_drinks 
102,826.0,2020101Whisky 70 Cl Bottle,Index1,100.492335101,01/09/15,alcoholic_drinks 
103,827.0,2020101Whisky 70 Cl Bottle,Index1,101.114384981,01/10/15,alcoholic_drinks 
104,828.0,2020101Whisky 70 Cl Bottle,Index1,96.1530484465,01/11/15,alcoholic_drinks 
105,829.0,2020101Whisky 70 Cl Bottle,Index1,91.7902642389,01/12/15,alcoholic_drinks 
106,830.0,2020101Whisky 70 Cl Bottle,Index1,99.8203539333,01/01/16,alcoholic_drinks 
107,831.0,2020101Whisky 70 Cl Bottle,Index1,99.069932949,01/02/16,alcoholic_drinks 
108,832.0,2020101Whisky 70 Cl Bottle,Index1,96.9653159153,01/03/16,alcoholic_drinks 
109,833.0,2020101Whisky 70 Cl Bottle,Index1,99.3238155939,01/04/16,alcoholic_drinks 
110,834.0,2020101Whisky 70 Cl Bottle,Index1,97.6510321923,01/05/16,alcoholic_drinks 
111,835.0,2020101Whisky 70 Cl Bottle,Index1,94.5702485524,01/06/16,alcoholic_drinks 
112,836.0,2020101Whisky 70 Cl Bottle,Index1,100.536825578,01/07/16,alcoholic_drinks 
113,837.0,2020101Whisky 70 Cl Bottle,Index1,98.9293393865,01/08/16,alcoholic_drinks 
114,838.0,2020101Whisky 70 Cl Bottle,Index1,98.3480596819,01/10/16,alcoholic_drinks 
115,839.0,2020101Whisky 70 Cl Bottle,Index1,97.5989227405,01/11/16,alcoholic_drinks 
116,840.0,020101Vodka 70 Cl Bottle,Index1,100.0,01/06/14,alcoholic_drinks 
117,841.0,020101Vodka 70 Cl Bottle,Index1,99.7268654737,01/07/14,alcoholic_drinks 
118,842.0,020101Vodka 70 Cl Bottle,Index1,99.0147893355,01/08/14,alcoholic_drinks 
119,843.0,020101Vodka 70 Cl Bottle,Index1,98.2744921598,01/09/14,alcoholic_drinks 
120,844.0,020101Vodka 70 Cl Bottle,Index1,99.8847778313,01/10/14,alcoholic_drinks 
121,845.0,020101Vodka 70 Cl Bottle,Index1,95.8436944787,01/11/14,alcoholic_drinks 
122,846.0,020101Vodka 70 Cl Bottle,Index1,94.7169405194,01/12/14,alcoholic_drinks 
123,847.0,020101Vodka 70 Cl Bottle,Index1,99.9728191362,01/01/15,alcoholic_drinks 
124,848.0,020101Vodka 70 Cl Bottle,Index1,99.8073850939,01/02/15,alcoholic_drinks 
125,849.0,020101Vodka 70 Cl Bottle,Index1,99.6355094337,01/03/15,alcoholic_drinks 
126,850.0,020101Vodka 70 Cl Bottle,Index1,97.6204522936,01/04/15,alcoholic_drinks 
127,851.0,020101Vodka 70 Cl Bottle,Index1,98.9172843688,01/05/15,alcoholic_drinks 
128,852.0,020101Vodka 70 Cl Bottle,Index1,99.34677816,01/06/15,alcoholic_drinks 
129,853.0,020101Vodka 70 Cl Bottle,Index1,98.9651046511,01/07/15,alcoholic_drinks 
130,854.0,020101Vodka 70 Cl Bottle,Index1,98.3965059573,01/08/15,alcoholic_drinks 
131,855.0,020101Vodka 70 Cl Bottle,Index1,97.9782406645,01/09/15,alcoholic_drinks 
132,856.0,020101Vodka 70 Cl Bottle,Index1,97.7077296073,01/10/15,alcoholic_drinks 
133,857.0,020101Vodka 70 Cl Bottle,Index1,94.3932156408,01/11/15,alcoholic_drinks 
134,858.0,020101Vodka 70 Cl Bottle,Index1,89.7754085647,01/12/15,alcoholic_drinks 
135,859.0,020101Vodka 70 Cl Bottle,Index1,98.0775995614,01/01/16,alcoholic_drinks 
136,860.0,020101Vodka 70 Cl Bottle,Index1,97.0582332368,01/02/16,alcoholic_drinks 
137,861.0,020101Vodka 70 Cl Bottle,Index1,97.0430139677,01/03/16,alcoholic_drinks 
138,862.0,020101Vodka 70 Cl Bottle,Index1,93.4262907543,01/04/16,alcoholic_drinks 
139,863.0,020101Vodka 70 Cl Bottle,Index1,95.3031869516,01/05/16,alcoholic_drinks 
140,864.0,020101Vodka 70 Cl Bottle,Index1,94.9609382094,01/06/16,alcoholic_drinks 
141,865.0,020101Vodka 70 Cl Bottle,Index1,95.9254886406,01/07/16,alcoholic_drinks 
142,866.0,020101Vodka 70 Cl Bottle,Index1,93.1675900937,01/08/16,alcoholic_drinks 
143,867.0,020101Vodka 70 Cl Bottle,Index1,94.9313827283,01/10/16,alcoholic_drinks 
144,868.0,020101Vodka 70 Cl Bottle,Index1,94.0878253238,01/11/16,alcoholic_drinks 
145,869.0,020101Brandy 68-70 Cl Bottle,Index1,100.0,01/06/14,alcoholic_drinks 
146,870.0,020101Brandy 68-70 Cl Bottle,Index1,101.598926136,01/07/14,alcoholic_drinks 
147,871.0,020101Brandy 68-70 Cl Bottle,Index1,101.591999871,01/08/14,alcoholic_drinks 
148,872.0,020101Brandy 68-70 Cl Bottle,Index1,100.898554956,01/09/14,alcoholic_drinks 
149,873.0,020101Brandy 68-70 Cl Bottle,Index1,101.614500136,01/10/14,alcoholic_drinks 
150,874.0,020101Brandy 68-70 Cl Bottle,Index1,100.129098367,01/11/14,alcoholic_drinks 
151,875.0,020101Brandy 68-70 Cl Bottle,Index1,97.780207445,01/12/14,alcoholic_drinks 
152,876.0,020101Brandy 68-70 Cl Bottle,Index1,101.440044815,01/01/15,alcoholic_drinks 
153,877.0,020101Brandy 68-70 Cl Bottle,Index1,101.884816581,01/02/15,alcoholic_drinks 
154,878.0,020101Brandy 68-70 Cl Bottle,Index1,101.999346362,01/03/15,alcoholic_drinks 
155,879.0,020101Brandy 68-70 Cl Bottle,Index1,101.128545996,01/04/15,alcoholic_drinks 
156,880.0,020101Brandy 68-70 Cl Bottle,Index1,102.238378907,01/05/15,alcoholic_drinks 
157,881.0,020101Brandy 68-70 Cl Bottle,Index1,101.756677665,01/06/15,alcoholic_drinks 
158,882.0,020101Brandy 68-70 Cl Bottle,Index1,101.973305559,01/07/15,alcoholic_drinks 
159,883.0,020101Brandy 68-70 Cl Bottle,Index1,100.81674533,01/08/15,alcoholic_drinks 
160,884.0,020101Brandy 68-70 Cl Bottle,Index1,101.453938709,01/09/15,alcoholic_drinks 
161,885.0,020101Brandy 68-70 Cl Bottle,Index1,101.471937835,01/10/15,alcoholic_drinks 
162,886.0,020101Brandy 68-70 Cl Bottle,Index1,99.4679863886,01/11/15,alcoholic_drinks 
163,887.0,020101Brandy 68-70 Cl Bottle,Index1,97.3111791561,01/12/15,alcoholic_drinks 
164,888.0,020101Brandy 68-70 Cl Bottle,Index1,100.458861041,01/01/16,alcoholic_drinks 
165,889.0,020101Brandy 68-70 Cl Bottle,Index1,100.397589508,01/02/16,alcoholic_drinks 
166,890.0,020101Brandy 68-70 Cl Bottle,Index1,100.951464797,01/03/16,alcoholic_drinks 
167,891.0,020101Brandy 68-70 Cl Bottle,Index1,101.567022944,01/04/16,alcoholic_drinks 
168,892.0,020101Brandy 68-70 Cl Bottle,Index1,101.913309252,01/05/16,alcoholic_drinks 
169,893.0,020101Brandy 68-70 Cl Bottle,Index1,99.2551914695,01/06/16,alcoholic_drinks 
170,894.0,020101Brandy 68-70 Cl Bottle,Index1,99.7084428701,01/07/16,alcoholic_drinks 
171,895.0,020101Brandy 68-70 Cl Bottle,Index1,97.6949925865,01/08/16,alcoholic_drinks 
172,896.0,020101Brandy 68-70 Cl Bottle,Index1,100.631307644,01/10/16,alcoholic_drinks 
173,897.0,020101Brandy 68-70 Cl Bottle,Index1,99.5949338418,01/11/16,alcoholic_drinks 
174,898.0,020102White Wine European 75Cl,Index1,100.0,01/06/14,alcoholic_drinks 
175,899.0,020102White Wine European 75Cl,Index1,100.14508321,01/07/14,alcoholic_drinks 
176,900.0,020102White Wine European 75Cl,Index1,100.624103293,01/08/14,alcoholic_drinks 
177,901.0,020102White Wine European 75Cl,Index1,99.0878231837,01/09/14,alcoholic_drinks 
178,902.0,020102White Wine European 75Cl,Index1,99.7284004343,01/10/14,alcoholic_drinks 
179,903.0,020102White Wine European 75Cl,Index1,99.2043270928,01/11/14,alcoholic_drinks 
180,904.0,020102White Wine European 75Cl,Index1,98.2355689164,01/12/14,alcoholic_drinks 
181,905.0,020102White Wine European 75Cl,Index1,99.2437659178,01/01/15,alcoholic_drinks 
182,906.0,020102White Wine European 75Cl,Index1,98.2116909429,01/02/15,alcoholic_drinks 
183,907.0,020102White Wine European 75Cl,Index1,98.5572585131,01/03/15,alcoholic_drinks 
184,908.0,020102White Wine European 75Cl,Index1,96.5676060106,01/04/15,alcoholic_drinks 
185,909.0,020102White Wine European 75Cl,Index1,96.3540242683,01/05/15,alcoholic_drinks 
186,910.0,020102White Wine European 75Cl,Index1,95.3721107314,01/06/15,alcoholic_drinks 
187,911.0,020102White Wine European 75Cl,Index1,95.7562214936,01/07/15,alcoholic_drinks 
188,912.0,020102White Wine European 75Cl,Index1,95.1359766278,01/08/15,alcoholic_drinks 
189,913.0,020102White Wine European 75Cl,Index1,91.7203955813,01/09/15,alcoholic_drinks 
190,914.0,020102White Wine European 75Cl,Index1,90.8862841718,01/10/15,alcoholic_drinks 
191,915.0,020102White Wine European 75Cl,Index1,91.1336419785,01/11/15,alcoholic_drinks 
192,916.0,020102White Wine European 75Cl,Index1,86.308795066,01/12/15,alcoholic_drinks 
193,917.0,020102White Wine European 75Cl,Index1,87.8925132805,01/01/16,alcoholic_drinks 
194,918.0,020102White Wine European 75Cl,Index1,87.1498004781,01/02/16,alcoholic_drinks 
195,919.0,020102White Wine European 75Cl,Index1,86.1764670182,01/03/16,alcoholic_drinks 
196,920.0,020102White Wine European 75Cl,Index1,84.8984979651,01/04/16,alcoholic_drinks 
197,921.0,020102White Wine European 75Cl,Index1,84.8414241995,01/05/16,alcoholic_drinks 
198,922.0,020102White Wine European 75Cl,Index1,85.8583247585,01/06/16,alcoholic_drinks 
199,923.0,020102White Wine European 75Cl,Index1,85.6643100959,01/07/16,alcoholic_drinks 
200,924.0,020102White Wine European 75Cl,Index1,86.0502422277,01/08/16,alcoholic_drinks 
201,925.0,020102White Wine European 75Cl,Index1,87.0093693931,01/10/16,alcoholic_drinks 
202,926.0,020102White Wine European 75Cl,Index1,87.1839694874,01/11/16,alcoholic_drinks 
203,927.0,020102Red Wine European 75Cl,Index1,100.0,01/06/14,alcoholic_drinks 
204,928.0,020102Red Wine European 75Cl,Index1,100.039182198,01/07/14,alcoholic_drinks 
205,929.0,020102Red Wine European 75Cl,Index1,100.129678083,01/08/14,alcoholic_drinks 
206,930.0,020102Red Wine European 75Cl,Index1,98.5375676551,01/09/14,alcoholic_drinks 
207,931.0,020102Red Wine European 75Cl,Index1,99.6974845843,01/10/14,alcoholic_drinks 
208,932.0,020102Red Wine European 75Cl,Index1,99.1972461137,01/11/14,alcoholic_drinks 
209,933.0,020102Red Wine European 75Cl,Index1,97.1188123727,01/12/14,alcoholic_drinks 
210,934.0,020102Red Wine European 75Cl,Index1,98.6299596204,01/01/15,alcoholic_drinks 
211,935.0,020102Red Wine European 75Cl,Index1,97.6242467479,01/02/15,alcoholic_drinks 
212,936.0,020102Red Wine European 75Cl,Index1,98.140145901,01/03/15,alcoholic_drinks 
213,937.0,020102Red Wine European 75Cl,Index1,96.2616321093,01/04/15,alcoholic_drinks 
214,938.0,020102Red Wine European 75Cl,Index1,96.8513163439,01/05/15,alcoholic_drinks 
215,939.0,020102Red Wine European 75Cl,Index1,96.6205020798,01/06/15,alcoholic_drinks 
216,940.0,020102Red Wine European 75Cl,Index1,95.3196487394,01/07/15,alcoholic_drinks 
217,941.0,020102Red Wine European 75Cl,Index1,95.2673530976,01/08/15,alcoholic_drinks 
218,942.0,020102Red Wine European 75Cl,Index1,92.5992034519,01/09/15,alcoholic_drinks 
219,943.0,020102Red Wine European 75Cl,Index1,91.487390247,01/10/15,alcoholic_drinks 
220,944.0,020102Red Wine European 75Cl,Index1,90.6344707315,01/11/15,alcoholic_drinks 
221,945.0,020102Red Wine European 75Cl,Index1,84.1845422889,01/12/15,alcoholic_drinks 
222,946.0,020102Red Wine European 75Cl,Index1,87.6137605246,01/01/16,alcoholic_drinks 
223,947.0,020102Red Wine European 75Cl,Index1,86.4854504974,01/02/16,alcoholic_drinks 
224,948.0,020102Red Wine European 75Cl,Index1,85.3117593543,01/03/16,alcoholic_drinks 
225,949.0,020102Red Wine European 75Cl,Index1,84.7179065351,01/04/16,alcoholic_drinks 
226,950.0,020102Red Wine European 75Cl,Index1,84.8184690931,01/05/16,alcoholic_drinks 
227,951.0,020102Red Wine European 75Cl,Index1,85.5804104347,01/06/16,alcoholic_drinks 
228,952.0,020102Red Wine European 75Cl,Index1,84.9429485949,01/07/16,alcoholic_drinks 
229,953.0,020102Red Wine European 75Cl,Index1,85.8420226425,01/08/16,alcoholic_drinks 
230,954.0,020102Red Wine European 75Cl,Index1,86.4970254824,01/10/16,alcoholic_drinks 
231,955.0,020102Red Wine European 75Cl,Index1,86.4936793281,01/11/16,alcoholic_drinks 
232,956.0,020101Rum White Bottle,Index1,100.0,01/06/14,alcoholic_drinks 
233,957.0,020101Rum White Bottle,Index1,99.971989965,01/07/14,alcoholic_drinks 
234,958.0,020101Rum White Bottle,Index1,100.858778546,01/08/14,alcoholic_drinks 
235,959.0,020101Rum White Bottle,Index1,100.891975531,01/09/14,alcoholic_drinks 
236,960.0,020101Rum White Bottle,Index1,101.105890374,01/10/14,alcoholic_drinks 
237,961.0,020101Rum White Bottle,Index1,97.7778543878,01/11/14,alcoholic_drinks 
238,962.0,020101Rum White Bottle,Index1,96.7379670823,01/12/14,alcoholic_drinks 
239,963.0,020101Rum White Bottle,Index1,101.435586373,01/01/15,alcoholic_drinks 
240,964.0,020101Rum White Bottle,Index1,101.230459613,01/02/15,alcoholic_drinks 
241,965.0,020101Rum White Bottle,Index1,100.151691265,01/03/15,alcoholic_drinks 
242,966.0,020101Rum White Bottle,Index1,99.0492355348,01/04/15,alcoholic_drinks 
243,967.0,020101Rum White Bottle,Index1,100.160075978,01/05/15,alcoholic_drinks 
244,968.0,020101Rum White Bottle,Index1,99.8522354765,01/06/15,alcoholic_drinks 
245,969.0,020101Rum White Bottle,Index1,99.122950063,01/07/15,alcoholic_drinks 
246,970.0,020101Rum White Bottle,Index1,98.4420045713,01/08/15,alcoholic_drinks 
247,971.0,020101Rum White Bottle,Index1,98.6487386415,01/09/15,alcoholic_drinks 
248,972.0,020101Rum White Bottle,Index1,100.092853618,01/10/15,alcoholic_drinks 
249,973.0,020101Rum White Bottle,Index1,96.623723472,01/11/15,alcoholic_drinks 
250,974.0,020101Rum White Bottle,Index1,92.368502169,01/12/15,alcoholic_drinks 
251,975.0,020101Rum White Bottle,Index1,99.018736514,01/01/16,alcoholic_drinks 
252,976.0,020101Rum White Bottle,Index1,96.7264335541,01/02/16,alcoholic_drinks 
253,977.0,020101Rum White Bottle,Index1,96.4448019836,01/03/16,alcoholic_drinks 
254,978.0,020101Rum White Bottle,Index1,95.361762432,01/04/16,alcoholic_drinks 
255,979.0,020101Rum White Bottle,Index1,93.6368560076,01/05/16,alcoholic_drinks 
256,980.0,020101Rum White Bottle,Index1,97.2364634902,01/06/16,alcoholic_drinks 
257,981.0,020101Rum White Bottle,Index1,98.1122825305,01/07/16,alcoholic_drinks 
258,982.0,020101Rum White Bottle,Index1,94.6758015003,01/08/16,alcoholic_drinks 
259,983.0,020101Rum White Bottle,Index1,94.0598585385,01/10/16,alcoholic_drinks 
260,984.0,020101Rum White Bottle,Index1,94.6643228048,01/11/16,alcoholic_drinks 
0,0.0,020102Apple Cider 500-750Ml 4.5-5.5%,Index3,100.0,01/06/14,alcoholic_drinks 
1,1.0,020102Apple Cider 500-750Ml 4.5-5.5%,Index3,101.229106994,01/07/14,alcoholic_drinks 
2,2.0,020102Apple Cider 500-750Ml 4.5-5.5%,Index3,102.385351994,01/08/14,alcoholic_drinks 
3,3.0,020102Apple Cider 500-750Ml 4.5-5.5%,Index3,102.071660378,01/09/14,alcoholic_drinks 
4,4.0,020102Apple Cider 500-750Ml 4.5-5.5%,Index3,101.744880317,01/10/14,alcoholic_drinks 
5,5.0,020102Apple Cider 500-750Ml 4.5-5.5%,Index3,103.553420351,01/11/14,alcoholic_drinks 
6,6.0,020102Apple Cider 500-750Ml 4.5-5.5%,Index3,102.782207722,01/12/14,alcoholic_drinks 
7,7.0,020102Apple Cider 500-750Ml 4.5-5.5%,Index3,98.4030273086,01/01/15,alcoholic_drinks 
8,8.0,020102Apple Cider 500-750Ml 4.5-5.5%,Index3,100.599793571,01/02/15,alcoholic_drinks 
9,9.0,020102Apple Cider 500-750Ml 4.5-5.5%,Index3,99.6771387287,01/03/15,alcoholic_drinks 
10,10.0,020102Apple Cider 500-750Ml 4.5-5.5%,Index3,97.9974433513,01/04/15,alcoholic_drinks 
11,11.0,020102Apple Cider 500-750Ml 4.5-5.5%,Index3,101.241477645,01/05/15,alcoholic_drinks 
12,12.0,020102Apple Cider 500-750Ml 4.5-5.5%,Index3,98.6632911573,01/06/15,alcoholic_drinks 
13,13.0,020102Apple Cider 500-750Ml 4.5-5.5%,Index3,100.74560416,01/07/15,alcoholic_drinks 
14,14.0,020102Apple Cider 500-750Ml 4.5-5.5%,Index3,98.5435867624,01/08/15,alcoholic_drinks 
15,15.0,020102Apple Cider 500-750Ml 4.5-5.5%,Index3,99.2981981492,01/09/15,alcoholic_drinks 
16,16.0,020102Apple Cider 500-750Ml 4.5-5.5%,Index3,99.0802801405,01/10/15,alcoholic_drinks 
17,17.0,020102Apple Cider 500-750Ml 4.5-5.5%,Index3,99.1198554212,01/11/15,alcoholic_drinks 
18,18.0,020102Apple Cider 500-750Ml 4.5-5.5%,Index3,97.6540410245,01/12/15,alcoholic_drinks 
19,19.0,020102Apple Cider 500-750Ml 4.5-5.5%,Index3,98.5910229845,01/01/16,alcoholic_drinks 
20,20.0,020102Apple Cider 500-750Ml 4.5-5.5%,Index3,99.1927825305,01/02/16,alcoholic_drinks 
21,21.0,020102Apple Cider 500-750Ml 4.5-5.5%,Index3,97.473816913,01/03/16,alcoholic_drinks 
22,22.0,020102Apple Cider 500-750Ml 4.5-5.5%,Index3,96.8267895271,01/04/16,alcoholic_drinks 
23,23.0,020102Apple Cider 500-750Ml 4.5-5.5%,Index3,96.5591054378,01/05/16,alcoholic_drinks 
24,24.0,020102Apple Cider 500-750Ml 4.5-5.5%,Index3,94.5561981231,01/06/16,alcoholic_drinks 
25,25.0,020102Apple Cider 500-750Ml 4.5-5.5%,Index3,95.4699493008,01/07/16,alcoholic_drinks 
26,26.0,020102Apple Cider 500-750Ml 4.5-5.5%,Index3,95.1600445218,01/08/16,alcoholic_drinks 
27,27.0,020102Apple Cider 500-750Ml 4.5-5.5%,Index3,94.1110639336,01/10/16,alcoholic_drinks 
28,28.0,020102Apple Cider 500-750Ml 4.5-5.5%,Index3,93.927348113,01/11/16,alcoholic_drinks 
29,87.0,020103Bitter 4 Cans 440-500Ml,Index3,100.0,01/06/14,alcoholic_drinks 
30,88.0,020103Bitter 4 Cans 440-500Ml,Index3,100.227569806,01/07/14,alcoholic_drinks 
31,89.0,020103Bitter 4 Cans 440-500Ml,Index3,99.9209285854,01/08/14,alcoholic_drinks 
32,90.0,020103Bitter 4 Cans 440-500Ml,Index3,100.170542372,01/09/14,alcoholic_drinks 
33,91.0,020103Bitter 4 Cans 440-500Ml,Index3,99.6090179776,01/10/14,alcoholic_drinks 
34,92.0,020103Bitter 4 Cans 440-500Ml,Index3,97.7774603616,01/11/14,alcoholic_drinks 
35,93.0,020103Bitter 4 Cans 440-500Ml,Index3,97.6241080153,01/12/14,alcoholic_drinks 
36,94.0,020103Bitter 4 Cans 440-500Ml,Index3,96.9616846996,01/01/15,alcoholic_drinks 
37,95.0,020103Bitter 4 Cans 440-500Ml,Index3,100.605860425,01/02/15,alcoholic_drinks 
38,96.0,020103Bitter 4 Cans 440-500Ml,Index3,96.2353550031,01/03/15,alcoholic_drinks 
39,97.0,020103Bitter 4 Cans 440-500Ml,Index3,93.1968436625,01/04/15,alcoholic_drinks 
40,98.0,020103Bitter 4 Cans 440-500Ml,Index3,95.4728001756,01/05/15,alcoholic_drinks 
41,99.0,020103Bitter 4 Cans 440-500Ml,Index3,98.3740127696,01/06/15,alcoholic_drinks 
42,100.0,020103Bitter 4 Cans 440-500Ml,Index3,97.4417536106,01/07/15,alcoholic_drinks 
43,101.0,020103Bitter 4 Cans 440-500Ml,Index3,98.6123250747,01/08/15,alcoholic_drinks 
44,102.0,020103Bitter 4 Cans 440-500Ml,Index3,100.494917494,01/09/15,alcoholic_drinks 
45,103.0,020103Bitter 4 Cans 440-500Ml,Index3,103.536315419,01/10/15,alcoholic_drinks 
46,104.0,020103Bitter 4 Cans 440-500Ml,Index3,95.4643223246,01/11/15,alcoholic_drinks 
47,105.0,020103Bitter 4 Cans 440-500Ml,Index3,95.451510401,01/12/15,alcoholic_drinks 
48,106.0,020103Bitter 4 Cans 440-500Ml,Index3,94.8601066505,01/01/16,alcoholic_drinks 
49,107.0,020103Bitter 4 Cans 440-500Ml,Index3,95.2556500079,01/02/16,alcoholic_drinks 
50,108.0,020103Bitter 4 Cans 440-500Ml,Index3,76.9519367969,01/03/16,alcoholic_drinks 
51,109.0,020103Bitter 4 Cans 440-500Ml,Index3,94.5138538972,01/04/16,alcoholic_drinks 
52,110.0,020103Bitter 4 Cans 440-500Ml,Index3,81.3064405244,01/05/16,alcoholic_drinks 
53,111.0,020103Bitter 4 Cans 440-500Ml,Index3,82.0493222716,01/06/16,alcoholic_drinks 
54,112.0,020103Bitter 4 Cans 440-500Ml,Index3,94.5908250875,01/07/16,alcoholic_drinks 
55,113.0,020103Bitter 4 Cans 440-500Ml,Index3,94.3189122431,01/08/16,alcoholic_drinks 
56,114.0,020103Bitter 4 Cans 440-500Ml,Index3,106.426487577,01/10/16,alcoholic_drinks 
57,115.0,020103Bitter 4 Cans 440-500Ml,Index3,101.936490239,01/11/16,alcoholic_drinks 
58,116.0,020101Brandy 68-70 Cl Bottle,Index3,100.0,01/06/14,alcoholic_drinks 
59,117.0,020101Brandy 68-70 Cl Bottle,Index3,102.345078136,01/07/14,alcoholic_drinks 
60,118.0,020101Brandy 68-70 Cl Bottle,Index3,102.257326171,01/08/14,alcoholic_drinks 
61,119.0,020101Brandy 68-70 Cl Bottle,Index3,101.129534434,01/09/14,alcoholic_drinks 
62,120.0,020101Brandy 68-70 Cl Bottle,Index3,99.6514750818,01/10/14,alcoholic_drinks 
63,121.0,020101Brandy 68-70 Cl Bottle,Index3,96.5046433549,01/11/14,alcoholic_drinks 
64,122.0,020101Brandy 68-70 Cl Bottle,Index3,95.9128217086,01/12/14,alcoholic_drinks 
65,123.0,020101Brandy 68-70 Cl Bottle,Index3,98.7232482253,01/01/15,alcoholic_drinks 
66,124.0,020101Brandy 68-70 Cl Bottle,Index3,98.537605144,01/02/15,alcoholic_drinks 
67,125.0,020101Brandy 68-70 Cl Bottle,Index3,99.0630272055,01/03/15,alcoholic_drinks 
68,126.0,020101Brandy 68-70 Cl Bottle,Index3,98.7017960895,01/04/15,alcoholic_drinks 
69,127.0,020101Brandy 68-70 Cl Bottle,Index3,102.34962748,01/05/15,alcoholic_drinks 
70,128.0,020101Brandy 68-70 Cl Bottle,Index3,103.805914144,01/06/15,alcoholic_drinks 
71,129.0,020101Brandy 68-70 Cl Bottle,Index3,114.033239551,01/07/15,alcoholic_drinks 
72,130.0,020101Brandy 68-70 Cl Bottle,Index3,112.429942019,01/08/15,alcoholic_drinks 
73,131.0,020101Brandy 68-70 Cl Bottle,Index3,112.728435808,01/09/15,alcoholic_drinks 
74,132.0,020101Brandy 68-70 Cl Bottle,Index3,104.228522178,01/10/15,alcoholic_drinks 
75,133.0,020101Brandy 68-70 Cl Bottle,Index3,101.667033113,01/11/15,alcoholic_drinks 
76,134.0,020101Brandy 68-70 Cl Bottle,Index3,98.9176952361,01/12/15,alcoholic_drinks 
77,135.0,020101Brandy 68-70 Cl Bottle,Index3,108.448159525,01/01/16,alcoholic_drinks 
78,136.0,020101Brandy 68-70 Cl Bottle,Index3,99.4223317688,01/02/16,alcoholic_drinks 
79,137.0,020101Brandy 68-70 Cl Bottle,Index3,91.8141678234,01/03/16,alcoholic_drinks 
80,138.0,020101Brandy 68-70 Cl Bottle,Index3,109.644451396,01/04/16,alcoholic_drinks 
81,139.0,020101Brandy 68-70 Cl Bottle,Index3,110.018277183,01/05/16,alcoholic_drinks 
82,140.0,020101Brandy 68-70 Cl Bottle,Index3,107.148764446,01/06/16,alcoholic_drinks 
83,141.0,020101Brandy 68-70 Cl Bottle,Index3,107.638062052,01/07/16,alcoholic_drinks 
84,142.0,020101Brandy 68-70 Cl Bottle,Index3,105.46448597,01/08/16,alcoholic_drinks 
85,143.0,020101Brandy 68-70 Cl Bottle,Index3,108.634320472,01/10/16,alcoholic_drinks 
86,144.0,020101Brandy 68-70 Cl Bottle,Index3,107.515525871,01/11/16,alcoholic_drinks 
87,435.0,020103Lager 4 Bottles Premium,Index3,100.0,01/06/14,alcoholic_drinks 
88,436.0,020103Lager 4 Bottles Premium,Index3,100.312468887,01/07/14,alcoholic_drinks 
89,437.0,020103Lager 4 Bottles Premium,Index3,101.514091512,01/08/14,alcoholic_drinks 
90,438.0,020103Lager 4 Bottles Premium,Index3,101.879495806,01/09/14,alcoholic_drinks 
91,439.0,020103Lager 4 Bottles Premium,Index3,98.513736876,01/10/14,alcoholic_drinks 
92,440.0,020103Lager 4 Bottles Premium,Index3,99.8763825238,01/11/14,alcoholic_drinks 
93,441.0,020103Lager 4 Bottles Premium,Index3,97.8539197262,01/12/14,alcoholic_drinks 
94,442.0,020103Lager 4 Bottles Premium,Index3,100.195440263,01/01/15,alcoholic_drinks 
95,443.0,020103Lager 4 Bottles Premium,Index3,99.0681407788,01/02/15,alcoholic_drinks 
96,444.0,020103Lager 4 Bottles Premium,Index3,98.2752410031,01/03/15,alcoholic_drinks 
97,445.0,020103Lager 4 Bottles Premium,Index3,98.904742364,01/04/15,alcoholic_drinks 
98,446.0,020103Lager 4 Bottles Premium,Index3,101.51547758,01/05/15,alcoholic_drinks 
99,447.0,020103Lager 4 Bottles Premium,Index3,98.4616761792,01/06/15,alcoholic_drinks 
100,448.0,020103Lager 4 Bottles Premium,Index3,98.7661976784,01/07/15,alcoholic_drinks 
101,449.0,020103Lager 4 Bottles Premium,Index3,100.30979928,01/08/15,alcoholic_drinks 
102,450.0,020103Lager 4 Bottles Premium,Index3,101.913868829,01/09/15,alcoholic_drinks 
103,451.0,020103Lager 4 Bottles Premium,Index3,105.746690251,01/10/15,alcoholic_drinks 
104,452.0,020103Lager 4 Bottles Premium,Index3,107.888681705,01/11/15,alcoholic_drinks 
105,453.0,020103Lager 4 Bottles Premium,Index3,109.346529446,01/12/15,alcoholic_drinks 
106,454.0,020103Lager 4 Bottles Premium,Index3,106.164230188,01/01/16,alcoholic_drinks 
107,455.0,020103Lager 4 Bottles Premium,Index3,104.91191341,01/02/16,alcoholic_drinks 
108,456.0,020103Lager 4 Bottles Premium,Index3,105.522791832,01/03/16,alcoholic_drinks 
109,457.0,020103Lager 4 Bottles Premium,Index3,106.835244501,01/04/16,alcoholic_drinks 
110,458.0,020103Lager 4 Bottles Premium,Index3,106.940053589,01/05/16,alcoholic_drinks 
111,459.0,020103Lager 4 Bottles Premium,Index3,101.480394437,01/06/16,alcoholic_drinks 
112,460.0,020103Lager 4 Bottles Premium,Index3,102.462232566,01/07/16,alcoholic_drinks 
113,461.0,020103Lager 4 Bottles Premium,Index3,104.310144812,01/08/16,alcoholic_drinks 
114,462.0,020103Lager 4 Bottles Premium,Index3,97.3457687654,01/10/16,alcoholic_drinks 
115,463.0,020103Lager 4 Bottles Premium,Index3,97.9204327156,01/11/16,alcoholic_drinks 
116,551.0,020102Red Wine European 75Cl,Index3,100.0,01/06/14,alcoholic_drinks 
117,552.0,020102Red Wine European 75Cl,Index3,101.768246702,01/07/14,alcoholic_drinks 
118,553.0,020102Red Wine European 75Cl,Index3,99.7280351379,01/08/14,alcoholic_drinks 
119,554.0,020102Red Wine European 75Cl,Index3,97.3728485378,01/09/14,alcoholic_drinks 
120,555.0,020102Red Wine European 75Cl,Index3,98.8271717907,01/10/14,alcoholic_drinks 
121,556.0,020102Red Wine European 75Cl,Index3,99.1972461137,01/11/14,alcoholic_drinks 
122,557.0,020102Red Wine European 75Cl,Index3,97.1188123727,01/12/14,alcoholic_drinks 
123,558.0,020102Red Wine European 75Cl,Index3,98.6299596204,01/01/15,alcoholic_drinks 
124,559.0,020102Red Wine European 75Cl,Index3,97.9025740291,01/02/15,alcoholic_drinks 
125,560.0,020102Red Wine European 75Cl,Index3,98.199461143,01/03/15,alcoholic_drinks 
126,561.0,020102Red Wine European 75Cl,Index3,96.6220730012,01/04/15,alcoholic_drinks 
127,562.0,020102Red Wine European 75Cl,Index3,96.6345259629,01/05/15,alcoholic_drinks 
128,563.0,020102Red Wine European 75Cl,Index3,95.34161315,01/06/15,alcoholic_drinks 
129,564.0,020102Red Wine European 75Cl,Index3,94.2452675386,01/07/15,alcoholic_drinks 
130,565.0,020102Red Wine European 75Cl,Index3,94.6849299445,01/08/15,alcoholic_drinks 
131,566.0,020102Red Wine European 75Cl,Index3,90.1189344261,01/09/15,alcoholic_drinks 
132,567.0,020102Red Wine European 75Cl,Index3,91.1434928324,01/10/15,alcoholic_drinks 
133,568.0,020102Red Wine European 75Cl,Index3,92.8189098167,01/11/15,alcoholic_drinks 
134,569.0,020102Red Wine European 75Cl,Index3,96.0812890457,01/12/15,alcoholic_drinks 
135,570.0,020102Red Wine European 75Cl,Index3,96.3076152887,01/01/16,alcoholic_drinks 
136,571.0,020102Red Wine European 75Cl,Index3,96.2977182178,01/02/16,alcoholic_drinks 
137,572.0,020102Red Wine European 75Cl,Index3,96.1299277287,01/03/16,alcoholic_drinks 
138,573.0,020102Red Wine European 75Cl,Index3,96.2029322537,01/04/16,alcoholic_drinks 
139,574.0,020102Red Wine European 75Cl,Index3,96.1293911101,01/05/16,alcoholic_drinks 
140,575.0,020102Red Wine European 75Cl,Index3,99.3396185169,01/06/16,alcoholic_drinks 
141,576.0,020102Red Wine European 75Cl,Index3,98.2736012427,01/07/16,alcoholic_drinks 
142,577.0,020102Red Wine European 75Cl,Index3,99.8779559393,01/08/16,alcoholic_drinks 
143,578.0,020102Red Wine European 75Cl,Index3,99.050910456,01/10/16,alcoholic_drinks 
144,579.0,020102Red Wine European 75Cl,Index3,99.1927087281,01/11/16,alcoholic_drinks 
145,580.0,020101Rum White Bottle,Index3,100.0,01/06/14,alcoholic_drinks 
146,581.0,020101Rum White Bottle,Index3,98.7141348639,01/07/14,alcoholic_drinks 
147,582.0,020101Rum White Bottle,Index3,100.906005461,01/08/14,alcoholic_drinks 
148,583.0,020101Rum White Bottle,Index3,100.926065548,01/09/14,alcoholic_drinks 
149,584.0,020101Rum White Bottle,Index3,101.646731551,01/10/14,alcoholic_drinks 
150,585.0,020101Rum White Bottle,Index3,97.497974118,01/11/14,alcoholic_drinks 
151,586.0,020101Rum White Bottle,Index3,96.9754567849,01/12/14,alcoholic_drinks 
152,587.0,020101Rum White Bottle,Index3,102.344317928,01/01/15,alcoholic_drinks 
153,588.0,020101Rum White Bottle,Index3,102.157546988,01/02/15,alcoholic_drinks 
154,589.0,020101Rum White Bottle,Index3,100.983703108,01/03/15,alcoholic_drinks 
155,590.0,020101Rum White Bottle,Index3,99.012513631,01/04/15,alcoholic_drinks 
156,591.0,020101Rum White Bottle,Index3,100.650446077,01/05/15,alcoholic_drinks 
157,592.0,020101Rum White Bottle,Index3,100.916101248,01/06/15,alcoholic_drinks 
158,593.0,020101Rum White Bottle,Index3,100.770365106,01/07/15,alcoholic_drinks 
159,594.0,020101Rum White Bottle,Index3,98.9852081043,01/08/15,alcoholic_drinks 
160,595.0,020101Rum White Bottle,Index3,99.5657378415,01/09/15,alcoholic_drinks 
161,596.0,020101Rum White Bottle,Index3,98.9646412466,01/10/15,alcoholic_drinks 
162,597.0,020101Rum White Bottle,Index3,96.5802741958,01/11/15,alcoholic_drinks 
163,598.0,020101Rum White Bottle,Index3,93.5106673696,01/12/15,alcoholic_drinks 
164,599.0,020101Rum White Bottle,Index3,100.851659782,01/01/16,alcoholic_drinks 
165,600.0,020101Rum White Bottle,Index3,98.6071894299,01/02/16,alcoholic_drinks 
166,601.0,020101Rum White Bottle,Index3,98.7512422638,01/03/16,alcoholic_drinks 
167,602.0,020101Rum White Bottle,Index3,97.1269919168,01/04/16,alcoholic_drinks 
168,603.0,020101Rum White Bottle,Index3,94.4613831576,01/05/16,alcoholic_drinks 
169,604.0,020101Rum White Bottle,Index3,99.0363953285,01/06/16,alcoholic_drinks 
170,605.0,020101Rum White Bottle,Index3,99.9284265439,01/07/16,alcoholic_drinks 
171,606.0,020101Rum White Bottle,Index3,96.4283332493,01/08/16,alcoholic_drinks 
172,607.0,020101Rum White Bottle,Index3,95.8009886456,01/10/16,alcoholic_drinks 
173,608.0,020101Rum White Bottle,Index3,96.4166420732,01/11/16,alcoholic_drinks 
174,754.0,020101Vodka 70 Cl Bottle,Index3,100.0,01/06/14,alcoholic_drinks 
175,755.0,020101Vodka 70 Cl Bottle,Index3,99.7806170052,01/07/14,alcoholic_drinks 
176,756.0,020101Vodka 70 Cl Bottle,Index3,99.0230049019,01/08/14,alcoholic_drinks 
177,757.0,020101Vodka 70 Cl Bottle,Index3,98.2507672887,01/09/14,alcoholic_drinks 
178,758.0,020101Vodka 70 Cl Bottle,Index3,99.6834955817,01/10/14,alcoholic_drinks 
179,759.0,020101Vodka 70 Cl Bottle,Index3,95.5385632297,01/11/14,alcoholic_drinks 
180,760.0,020101Vodka 70 Cl Bottle,Index3,94.6609331277,01/12/14,alcoholic_drinks 
181,761.0,020101Vodka 70 Cl Bottle,Index3,99.8640808762,01/01/15,alcoholic_drinks 
182,762.0,020101Vodka 70 Cl Bottle,Index3,99.7001253712,01/02/15,alcoholic_drinks 
183,763.0,020101Vodka 70 Cl Bottle,Index3,99.5183467022,01/03/15,alcoholic_drinks 
184,764.0,020101Vodka 70 Cl Bottle,Index3,97.5713069298,01/04/15,alcoholic_drinks 
185,765.0,020101Vodka 70 Cl Bottle,Index3,99.0144956303,01/05/15,alcoholic_drinks 
186,766.0,020101Vodka 70 Cl Bottle,Index3,99.5308718416,01/06/15,alcoholic_drinks 
187,767.0,020101Vodka 70 Cl Bottle,Index3,99.0598673565,01/07/15,alcoholic_drinks 
188,768.0,020101Vodka 70 Cl Bottle,Index3,98.5340413442,01/08/15,alcoholic_drinks 
189,769.0,020101Vodka 70 Cl Bottle,Index3,97.9122753407,01/09/15,alcoholic_drinks 
190,770.0,020101Vodka 70 Cl Bottle,Index3,97.6688054374,01/10/15,alcoholic_drinks 
191,771.0,020101Vodka 70 Cl Bottle,Index3,93.7075248608,01/11/15,alcoholic_drinks 
192,772.0,020101Vodka 70 Cl Bottle,Index3,89.5722258748,01/12/15,alcoholic_drinks 
193,773.0,020101Vodka 70 Cl Bottle,Index3,98.2475531735,01/01/16,alcoholic_drinks 
194,774.0,020101Vodka 70 Cl Bottle,Index3,97.0687481534,01/02/16,alcoholic_drinks 
195,775.0,020101Vodka 70 Cl Bottle,Index3,97.1452992472,01/03/16,alcoholic_drinks 
196,776.0,020101Vodka 70 Cl Bottle,Index3,93.5881843534,01/04/16,alcoholic_drinks 
197,777.0,020101Vodka 70 Cl Bottle,Index3,95.4683329273,01/05/16,alcoholic_drinks 
198,778.0,020101Vodka 70 Cl Bottle,Index3,95.1254911199,01/06/16,alcoholic_drinks 
199,779.0,020101Vodka 70 Cl Bottle,Index3,96.0917129708,01/07/16,alcoholic_drinks 
200,780.0,020101Vodka 70 Cl Bottle,Index3,93.3290354037,01/08/16,alcoholic_drinks 
201,781.0,020101Vodka 70 Cl Bottle,Index3,95.0958844236,01/10/16,alcoholic_drinks 
202,782.0,020101Vodka 70 Cl Bottle,Index3,94.250865262,01/11/16,alcoholic_drinks 
203,783.0,2020101Whisky 70 Cl Bottle,Index3,100.0,01/06/14,alcoholic_drinks 
204,784.0,2020101Whisky 70 Cl Bottle,Index3,101.812875375,01/07/14,alcoholic_drinks 
205,785.0,2020101Whisky 70 Cl Bottle,Index3,103.619582839,01/08/14,alcoholic_drinks 
206,786.0,2020101Whisky 70 Cl Bottle,Index3,100.641668804,01/09/14,alcoholic_drinks 
207,787.0,2020101Whisky 70 Cl Bottle,Index3,102.250587946,01/10/14,alcoholic_drinks 
208,788.0,2020101Whisky 70 Cl Bottle,Index3,99.3148402289,01/11/14,alcoholic_drinks 
209,789.0,2020101Whisky 70 Cl Bottle,Index3,91.2558102061,01/12/14,alcoholic_drinks 
210,790.0,2020101Whisky 70 Cl Bottle,Index3,96.4075739197,01/01/15,alcoholic_drinks 
211,791.0,2020101Whisky 70 Cl Bottle,Index3,98.6500508519,01/02/15,alcoholic_drinks 
212,792.0,2020101Whisky 70 Cl Bottle,Index3,97.9562600644,01/03/15,alcoholic_drinks 
213,793.0,2020101Whisky 70 Cl Bottle,Index3,98.5063517097,01/04/15,alcoholic_drinks 
214,794.0,2020101Whisky 70 Cl Bottle,Index3,98.4483554946,01/05/15,alcoholic_drinks 
215,795.0,2020101Whisky 70 Cl Bottle,Index3,94.5751033575,01/06/15,alcoholic_drinks 
216,796.0,2020101Whisky 70 Cl Bottle,Index3,97.1780799701,01/07/15,alcoholic_drinks 
217,797.0,2020101Whisky 70 Cl Bottle,Index3,97.5719566465,01/08/15,alcoholic_drinks 
218,798.0,2020101Whisky 70 Cl Bottle,Index3,95.0327120708,01/09/15,alcoholic_drinks 
219,799.0,2020101Whisky 70 Cl Bottle,Index3,93.2243510344,01/10/15,alcoholic_drinks 
220,800.0,2020101Whisky 70 Cl Bottle,Index3,94.0757924566,01/11/15,alcoholic_drinks 
221,801.0,2020101Whisky 70 Cl Bottle,Index3,90.6410675364,01/12/15,alcoholic_drinks 
222,802.0,2020101Whisky 70 Cl Bottle,Index3,96.395265787,01/01/16,alcoholic_drinks 
223,803.0,2020101Whisky 70 Cl Bottle,Index3,94.8983922507,01/02/16,alcoholic_drinks 
224,804.0,2020101Whisky 70 Cl Bottle,Index3,97.131792978,01/03/16,alcoholic_drinks 
225,805.0,2020101Whisky 70 Cl Bottle,Index3,95.9157649307,01/04/16,alcoholic_drinks 
226,806.0,2020101Whisky 70 Cl Bottle,Index3,108.627626644,01/05/16,alcoholic_drinks 
227,807.0,2020101Whisky 70 Cl Bottle,Index3,104.964089779,01/06/16,alcoholic_drinks 
228,808.0,2020101Whisky 70 Cl Bottle,Index3,111.312478447,01/07/16,alcoholic_drinks 
229,809.0,2020101Whisky 70 Cl Bottle,Index3,109.704381446,01/08/16,alcoholic_drinks 
230,810.0,2020101Whisky 70 Cl Bottle,Index3,106.947767121,01/10/16,alcoholic_drinks 
231,811.0,2020101Whisky 70 Cl Bottle,Index3,106.837416646,01/11/16,alcoholic_drinks 
232,841.0,020102White Wine European 75Cl,Index3,100.0,01/06/14,alcoholic_drinks 
233,842.0,020102White Wine European 75Cl,Index3,100.762323618,01/07/14,alcoholic_drinks 
234,843.0,020102White Wine European 75Cl,Index3,100.220868616,01/08/14,alcoholic_drinks 
235,844.0,020102White Wine European 75Cl,Index3,98.9106953806,01/09/14,alcoholic_drinks 
236,845.0,020102White Wine European 75Cl,Index3,99.1723340962,01/10/14,alcoholic_drinks 
237,846.0,020102White Wine European 75Cl,Index3,99.6184667301,01/11/14,alcoholic_drinks 
238,847.0,020102White Wine European 75Cl,Index3,98.099202352,01/12/14,alcoholic_drinks 
239,848.0,020102White Wine European 75Cl,Index3,99.6711748895,01/01/15,alcoholic_drinks 
240,849.0,020102White Wine European 75Cl,Index3,99.2387893029,01/02/15,alcoholic_drinks 
241,850.0,020102White Wine European 75Cl,Index3,100.386179176,01/03/15,alcoholic_drinks 
242,851.0,020102White Wine European 75Cl,Index3,97.8368683592,01/04/15,alcoholic_drinks 
243,852.0,020102White Wine European 75Cl,Index3,98.0585751845,01/05/15,alcoholic_drinks 
244,853.0,020102White Wine European 75Cl,Index3,96.6033162987,01/06/15,alcoholic_drinks 
245,854.0,020102White Wine European 75Cl,Index3,96.8333784427,01/07/15,alcoholic_drinks 
246,855.0,020102White Wine European 75Cl,Index3,96.4472816581,01/08/15,alcoholic_drinks 
247,856.0,020102White Wine European 75Cl,Index3,92.1155722127,01/09/15,alcoholic_drinks 
248,857.0,020102White Wine European 75Cl,Index3,91.2866690608,01/10/15,alcoholic_drinks 
249,858.0,020102White Wine European 75Cl,Index3,91.0058652152,01/11/15,alcoholic_drinks 
250,859.0,020102White Wine European 75Cl,Index3,93.2208938114,01/12/15,alcoholic_drinks 
251,860.0,020102White Wine European 75Cl,Index3,93.731709398,01/01/16,alcoholic_drinks 
252,861.0,020102White Wine European 75Cl,Index3,92.424138165,01/02/16,alcoholic_drinks 
253,862.0,020102White Wine European 75Cl,Index3,92.0637715591,01/03/16,alcoholic_drinks 
254,863.0,020102White Wine European 75Cl,Index3,90.4666017181,01/04/16,alcoholic_drinks 
255,864.0,020102White Wine European 75Cl,Index3,90.4166923013,01/05/16,alcoholic_drinks 
256,865.0,020102White Wine European 75Cl,Index3,91.5623782424,01/06/16,alcoholic_drinks 
257,866.0,020102White Wine European 75Cl,Index3,91.3554740899,01/07/16,alcoholic_drinks 
258,867.0,020102White Wine European 75Cl,Index3,91.7670458731,01/08/16,alcoholic_drinks 
259,868.0,020102White Wine European 75Cl,Index3,92.7898932738,01/10/16,alcoholic_drinks 
260,869.0,020102White Wine European 75Cl,Index3,92.9760930385,01/11/16,alcoholic_drinks 
